{"Ranking":[1,2,2,12,12,12,12,12,12,12,1],"name":["","","  ","  ","  ","  ","  ","  ","  ","  ","  "],"time":[25.486499786376954,6.628282070159912,0.0,0.0,0.0,0.0,0.0,0.0,0.0,0.0,0.0]}